file_name,predicted_category,confidence_score
0.json,algebra,0.663988558126608
1.json,algebra,0.589258506155361
2.json,algebra,0.8556367069805481
3.json,intermediate_algebra,0.4991381107488966
4.json,algebra,0.389372111238617
5.json,algebra,0.8445604515998976
6.json,algebra,0.575953695529923
7.json,intermediate_algebra,0.40475659783751855
8.json,prealgebra,0.4791082071935964
9.json,algebra,0.8089944658872866
10.json,algebra,0.5088016776575548
11.json,algebra,0.47498000671249463
12.json,algebra,0.37697426621155367
13.json,algebra,0.6962416404608428
14.json,intermediate_algebra,0.36158236271644
15.json,algebra,0.8539429306569303
16.json,algebra,0.5244545863173808
17.json,algebra,0.7978192200798263
18.json,algebra,0.48508016196108955
19.json,algebra,0.29641542031632767
20.json,algebra,0.8645441231593812
21.json,algebra,0.8404598140163082
22.json,prealgebra,0.4257333087503629
23.json,prealgebra,0.4573317977704125
24.json,algebra,0.6111167354773421
25.json,prealgebra,0.5825790588597555
26.json,algebra,0.48513534080850795
27.json,algebra,0.6536979615536218
28.json,algebra,0.770432596539599
29.json,algebra,0.6151765739959116
30.json,algebra,0.30030585827982403
31.json,algebra,0.8566023990468578
32.json,algebra,0.8332130182161985
33.json,algebra,0.8191222701971083
34.json,algebra,0.38067428209504317
35.json,algebra,0.6288638569942154
36.json,algebra,0.7147731241972922
37.json,algebra,0.5544944778207274
38.json,algebra,0.7106308797766789
39.json,prealgebra,0.6678329187257589
40.json,algebra,0.48255098654834416
41.json,algebra,0.7166093927624128
42.json,intermediate_algebra,0.7133847018196603
43.json,algebra,0.6442228272358009
44.json,algebra,0.8604845543188062
45.json,algebra,0.6883569433324164
46.json,prealgebra,0.411119447283726
47.json,algebra,0.8287327787654002
48.json,algebra,0.8493956432447336
49.json,intermediate_algebra,0.40047345494894593
50.json,algebra,0.5574123106400034
51.json,algebra,0.6643952597592439
52.json,algebra,0.7036957341960088
53.json,algebra,0.702722477418969
54.json,prealgebra,0.35824957768258925
55.json,geometry,0.321899838011824
56.json,algebra,0.4264343777009986
57.json,algebra,0.6082553091707497
58.json,algebra,0.7555807036062717
59.json,intermediate_algebra,0.6667957567421116
60.json,algebra,0.5548455026317732
61.json,algebra,0.408941522387856
62.json,algebra,0.5856428048950382
63.json,algebra,0.5402207586687893
64.json,algebra,0.7084764980704925
65.json,prealgebra,0.6340269407158453
66.json,algebra,0.3902136954927419
67.json,algebra,0.5410889637259303
68.json,algebra,0.4501432831577385
69.json,algebra,0.32226239028850034
70.json,algebra,0.6508966963715991
71.json,algebra,0.42007392877310146
72.json,algebra,0.5150923226092244
73.json,algebra,0.6972269673262137
74.json,algebra,0.832863845027164
75.json,algebra,0.5601417427118838
76.json,algebra,0.9276997170069946
77.json,algebra,0.7330238023318232
78.json,algebra,0.3788659539615553
79.json,intermediate_algebra,0.5469932249430162
80.json,algebra,0.5179540579971889
81.json,algebra,0.905074980017315
82.json,algebra,0.7048128904105475
83.json,algebra,0.8288737039268695
84.json,algebra,0.5483043046848177
85.json,algebra,0.4811146085434912
86.json,intermediate_algebra,0.8402045573026214
87.json,algebra,0.5634582231765298
88.json,algebra,0.7005026150875675
89.json,algebra,0.3035491915065318
90.json,algebra,0.7897853578283718
91.json,algebra,0.662764281241409
92.json,algebra,0.6929499356417423
93.json,algebra,0.5227311141653914
94.json,prealgebra,0.43112689892008055
95.json,algebra,0.5087632735635691
96.json,algebra,0.485596193768175
97.json,algebra,0.4919224147226304
98.json,prealgebra,0.6216170585248036
99.json,algebra,0.5668014333278286
100.json,intermediate_algebra,0.4408462666002163
101.json,prealgebra,0.4287243631537086
102.json,algebra,0.6303300909249596
103.json,algebra,0.6529003839092626
104.json,intermediate_algebra,0.5128954963741925
105.json,algebra,0.37105454970773377
106.json,algebra,0.8949225414935779
107.json,algebra,0.8585077902732253
108.json,intermediate_algebra,0.8707088649139638
109.json,algebra,0.6120731397626785
110.json,algebra,0.5903809347403346
111.json,algebra,0.384720994212843
112.json,algebra,0.8327208557666301
113.json,algebra,0.7992934929422747
114.json,prealgebra,0.45171482272048974
115.json,geometry,0.692109986317229
116.json,intermediate_algebra,0.5718995894246175
117.json,algebra,0.6554631586824111
118.json,algebra,0.84260207653316
119.json,algebra,0.7022387733392067
120.json,algebra,0.7671099488640916
121.json,algebra,0.3525721834363494
122.json,algebra,0.7163411438438787
123.json,algebra,0.49308696660878176
124.json,algebra,0.7667814744418192
125.json,intermediate_algebra,0.5471310441529859
126.json,algebra,0.46283602145079555
127.json,algebra,0.5698820765712164
128.json,algebra,0.33390234855038525
129.json,prealgebra,0.4334860425634222
130.json,intermediate_algebra,0.5979653117342193
131.json,algebra,0.43052745568528594
132.json,algebra,0.7849792865074827
133.json,algebra,0.528188013275522
134.json,prealgebra,0.49160221989836395
135.json,algebra,0.4956772707409454
136.json,algebra,0.7019463411284562
137.json,algebra,0.5012492923249542
138.json,prealgebra,0.3187548863144216
139.json,algebra,0.8214341474314776
140.json,algebra,0.35672790784669367
141.json,algebra,0.8459439188625166
142.json,algebra,0.7872522018183986
143.json,algebra,0.3952576762002604
144.json,algebra,0.2787281928365022
145.json,algebra,0.8186133581137807
146.json,algebra,0.7561505299931089
147.json,algebra,0.4257214157816806
148.json,prealgebra,0.4688530440038577
149.json,algebra,0.6138253172978249
150.json,algebra,0.34381945187903196
151.json,intermediate_algebra,0.43249227627932285
152.json,algebra,0.6896833604785145
153.json,algebra,0.6991438259693227
154.json,algebra,0.5354761260741131
155.json,algebra,0.8130387671246015
156.json,algebra,0.5624137814884524
157.json,intermediate_algebra,0.46817462088467277
158.json,algebra,0.801652411914334
159.json,algebra,0.7758859240043667
160.json,algebra,0.4171160878600169
161.json,algebra,0.8167377017183568
162.json,algebra,0.4017467222723572
163.json,algebra,0.6519474064123169
164.json,algebra,0.6250520170055838
165.json,algebra,0.7503330622143186
166.json,prealgebra,0.3008855142972316
167.json,algebra,0.7931904942155703
168.json,algebra,0.4090643658154193
169.json,algebra,0.5486567939921004
170.json,algebra,0.6303300909249596
171.json,algebra,0.8713001006412674
172.json,intermediate_algebra,0.37806305689243985
173.json,algebra,0.8098133721713189
174.json,algebra,0.6012642925612129
175.json,algebra,0.4240394302796215
176.json,algebra,0.5652336882318253
177.json,algebra,0.7489241410292582
178.json,prealgebra,0.29428192486411403
179.json,algebra,0.44874405649465904
180.json,algebra,0.7360988632036037
181.json,algebra,0.36874009836914134
182.json,algebra,0.5367457150128914
183.json,prealgebra,0.39902524343037077
184.json,algebra,0.44797910445533295
185.json,algebra,0.7753762503577553
186.json,algebra,0.660578682977851
187.json,counting_and_probability,0.2847958473616164
188.json,algebra,0.7389453855095829
189.json,prealgebra,0.5901405625622819
190.json,intermediate_algebra,0.6483023964812459
191.json,algebra,0.4313127950490976
192.json,intermediate_algebra,0.36680242670750546
193.json,prealgebra,0.491374951398853
194.json,algebra,0.893531542851669
195.json,intermediate_algebra,0.5736709579694526
196.json,algebra,0.38482135854195615
197.json,intermediate_algebra,0.6005065284021666
198.json,algebra,0.5457973630129418
199.json,algebra,0.43856070566122163
200.json,algebra,0.6312055508204732
201.json,intermediate_algebra,0.4224930381267182
202.json,algebra,0.5587035580534627
203.json,algebra,0.7696957230925128
204.json,algebra,0.7702583597002276
205.json,algebra,0.2774485483127907
206.json,algebra,0.7843753990950078
207.json,algebra,0.6818444675883819
208.json,algebra,0.7647101733612431
209.json,prealgebra,0.4429270467935886
210.json,algebra,0.45535316614194715
211.json,counting_and_probability,0.29599287738535063
212.json,algebra,0.4522052910156434
213.json,algebra,0.6879789416598215
214.json,algebra,0.7831643139825271
215.json,algebra,0.721057397369256
216.json,algebra,0.6832385512637738
217.json,algebra,0.4089432622808986
218.json,algebra,0.742722830336805
219.json,counting_and_probability,0.526808978686212
220.json,algebra,0.2849333374758278
221.json,algebra,0.6870835331745815
222.json,algebra,0.818481455046303
223.json,prealgebra,0.48284702525830553
224.json,algebra,0.6088584454737843
225.json,algebra,0.7610214370058581
226.json,algebra,0.591364610023188
227.json,algebra,0.7609036928297113
228.json,algebra,0.8158801776840329
229.json,algebra,0.8636843601054752
230.json,geometry,0.439194147239326
231.json,algebra,0.6052018574070098
232.json,algebra,0.6902181875127924
233.json,algebra,0.5126832613782737
234.json,algebra,0.5704032007897087
235.json,prealgebra,0.44123197055300734
236.json,algebra,0.5265507483189293
237.json,algebra,0.7713088859006795
238.json,algebra,0.4443731101431539
239.json,number_theory,0.6112993646492276
240.json,algebra,0.7016011381837575
241.json,intermediate_algebra,0.43037487623522974
242.json,algebra,0.7512998254505346
243.json,algebra,0.8771268249458603
244.json,algebra,0.5913564387245026
245.json,algebra,0.8762389336295546
246.json,algebra,0.4562373445977228
247.json,algebra,0.4857232276899181
248.json,algebra,0.7772589475484524
249.json,algebra,0.5355750962429657
250.json,algebra,0.7266072193135353
251.json,prealgebra,0.3989941329849898
252.json,algebra,0.8598206599564631
253.json,algebra,0.7986539209055034
254.json,algebra,0.5736594728392239
255.json,number_theory,0.3114398923056729
256.json,algebra,0.474456696478198
257.json,algebra,0.40947200267213263
258.json,number_theory,0.40601800139976324
259.json,prealgebra,0.3791652256774582
260.json,algebra,0.6444919568024481
261.json,algebra,0.7946758496149383
262.json,algebra,0.47172888381680766
263.json,algebra,0.5658284169071912
264.json,algebra,0.5784331124513676
265.json,intermediate_algebra,0.5488698743128054
266.json,algebra,0.8212304078585285
267.json,algebra,0.6904839647456477
268.json,algebra,0.6630496895042436
269.json,algebra,0.36798201416569026
270.json,algebra,0.7238213355095575
271.json,algebra,0.7564348633317001
272.json,algebra,0.8434215092592704
273.json,algebra,0.8459281031494273
274.json,prealgebra,0.3284413121385716
275.json,algebra,0.43189243488281537
276.json,algebra,0.679192357591661
277.json,algebra,0.5991277352072565
278.json,algebra,0.3786993961987655
279.json,algebra,0.6271760537017695
280.json,algebra,0.7431505618938632
281.json,algebra,0.7516753407797387
282.json,algebra,0.5008247734537018
283.json,algebra,0.5667078236201385
284.json,algebra,0.6758580290468442
285.json,algebra,0.7641557041416657
286.json,algebra,0.4434191468214153
287.json,algebra,0.4130468422932567
288.json,algebra,0.8095483868259163
289.json,algebra,0.6395582624084225
290.json,algebra,0.7327189143352523
291.json,algebra,0.4931310581185213
292.json,algebra,0.43818663567466354
293.json,counting_and_probability,0.25779909087508757
294.json,algebra,0.6709591682590283
295.json,algebra,0.6670550230636079
296.json,algebra,0.3165407539531487
297.json,algebra,0.6398745414838649
298.json,algebra,0.5367255346822254
299.json,algebra,0.7998332639136113
300.json,counting_and_probability,0.8340075321535199
301.json,counting_and_probability,0.777614040933311
302.json,counting_and_probability,0.6452842992338578
303.json,counting_and_probability,0.7001517069476781
304.json,prealgebra,0.5585728184812812
305.json,counting_and_probability,0.2954945420872188
306.json,counting_and_probability,0.5756265848049028
307.json,counting_and_probability,0.6257196372103111
308.json,counting_and_probability,0.8250883471934766
309.json,prealgebra,0.4729248060311142
310.json,number_theory,0.6022493564696568
311.json,counting_and_probability,0.9416568030944263
312.json,counting_and_probability,0.6982223689987466
313.json,counting_and_probability,0.5743256160867715
314.json,number_theory,0.31511244282117323
315.json,prealgebra,0.4087001528600496
316.json,counting_and_probability,0.9228652938169486
317.json,prealgebra,0.47620049659498986
318.json,counting_and_probability,0.6881183501742878
319.json,geometry,0.5781713238658208
320.json,counting_and_probability,0.8578695235627908
321.json,counting_and_probability,0.5898300312733117
322.json,prealgebra,0.6957652845795004
323.json,number_theory,0.31552255806711527
324.json,algebra,0.3648952674715997
325.json,counting_and_probability,0.866098753298867
326.json,prealgebra,0.3995116063257838
327.json,prealgebra,0.28655888716427286
328.json,prealgebra,0.43082639247214355
329.json,counting_and_probability,0.7799221742561683
330.json,algebra,0.3289777816509523
331.json,counting_and_probability,0.9200004636276036
332.json,counting_and_probability,0.7135586589816352
333.json,counting_and_probability,0.5254356725532717
334.json,prealgebra,0.2377025569972599
335.json,counting_and_probability,0.3720990072614233
336.json,counting_and_probability,0.8422249770167951
337.json,counting_and_probability,0.7034041448574331
338.json,counting_and_probability,0.4667693894757207
339.json,number_theory,0.6549465940116888
340.json,counting_and_probability,0.8732944819075705
341.json,counting_and_probability,0.3016731959004266
342.json,counting_and_probability,0.5601456116830303
343.json,intermediate_algebra,0.3659842553895706
344.json,counting_and_probability,0.4704135814698708
345.json,counting_and_probability,0.6884147802738918
346.json,counting_and_probability,0.6666191707901749
347.json,counting_and_probability,0.6929545874592834
348.json,counting_and_probability,0.7406695374488859
349.json,number_theory,0.4460550065680723
350.json,counting_and_probability,0.7931186376028032
351.json,counting_and_probability,0.38357050729574305
352.json,counting_and_probability,0.7132403952804398
353.json,algebra,0.27141401064129794
354.json,counting_and_probability,0.6844485913022154
355.json,counting_and_probability,0.7987428823857249
356.json,counting_and_probability,0.7860920954097581
357.json,intermediate_algebra,0.8801620051194597
358.json,algebra,0.5558294405805225
359.json,counting_and_probability,0.8151656332266085
360.json,prealgebra,0.3012314650358613
361.json,counting_and_probability,0.7328169720502961
362.json,counting_and_probability,0.9256065358080435
363.json,counting_and_probability,0.4556271077526122
364.json,counting_and_probability,0.8695956907182999
365.json,algebra,0.552074096652373
366.json,number_theory,0.2890782232669007
367.json,counting_and_probability,0.7595346113554057
368.json,counting_and_probability,0.8060472215608523
369.json,counting_and_probability,0.3928140925207209
370.json,counting_and_probability,0.4615570511008873
371.json,counting_and_probability,0.821146152788121
372.json,counting_and_probability,0.7870439984107713
373.json,counting_and_probability,0.6138203598113934
374.json,prealgebra,0.335943463146702
375.json,counting_and_probability,0.6654292606726996
376.json,counting_and_probability,0.8681779252858761
377.json,prealgebra,0.6594328898972567
378.json,counting_and_probability,0.8294301147144262
379.json,counting_and_probability,0.8680908682793822
380.json,counting_and_probability,0.34445124049095865
381.json,counting_and_probability,0.9320528932378876
382.json,counting_and_probability,0.7945494596435503
383.json,counting_and_probability,0.7877444445377535
384.json,counting_and_probability,0.6921208235693019
385.json,counting_and_probability,0.7273472037455966
386.json,counting_and_probability,0.5814556531395499
387.json,prealgebra,0.3765881184442627
388.json,counting_and_probability,0.8770410754486857
389.json,counting_and_probability,0.5098580069442095
390.json,number_theory,0.3962503094633233
391.json,counting_and_probability,0.7488628855217316
392.json,algebra,0.3607352172474328
393.json,counting_and_probability,0.7162900347816064
394.json,counting_and_probability,0.5773077685431254
395.json,number_theory,0.3781416633706861
396.json,counting_and_probability,0.7539065620844485
397.json,counting_and_probability,0.6183181400407013
398.json,counting_and_probability,0.7886297666325469
399.json,counting_and_probability,0.33829341300698823
400.json,prealgebra,0.37248235153066733
401.json,counting_and_probability,0.9516430289774875
402.json,counting_and_probability,0.8254621277725619
403.json,counting_and_probability,0.8079632804217569
404.json,counting_and_probability,0.3362827046072054
405.json,counting_and_probability,0.35321535479237437
406.json,number_theory,0.4334363987298779
407.json,prealgebra,0.4729699955400259
408.json,counting_and_probability,0.83941997201182
409.json,intermediate_algebra,0.32670116800876425
410.json,counting_and_probability,0.6559874653093817
411.json,counting_and_probability,0.5032931426413337
412.json,counting_and_probability,0.749467216303795
413.json,counting_and_probability,0.26918205045609334
414.json,prealgebra,0.3636102719226776
415.json,counting_and_probability,0.5462021383831642
416.json,prealgebra,0.2527691391818035
417.json,counting_and_probability,0.699922502608854
418.json,counting_and_probability,0.7897507428789122
419.json,prealgebra,0.6474885345775887
420.json,counting_and_probability,0.61246277515326
421.json,counting_and_probability,0.7066138314221713
422.json,prealgebra,0.55717846772341
423.json,counting_and_probability,0.7432167983881769
424.json,counting_and_probability,0.8015515352823519
425.json,counting_and_probability,0.6757267086812427
426.json,counting_and_probability,0.8401353094022349
427.json,counting_and_probability,0.4068423982738615
428.json,counting_and_probability,0.7564856476481595
429.json,counting_and_probability,0.5738888038947626
430.json,prealgebra,0.4325542169998
431.json,counting_and_probability,0.45306351072371576
432.json,number_theory,0.526792384878315
433.json,counting_and_probability,0.8485097091132222
434.json,prealgebra,0.4975939882245578
435.json,counting_and_probability,0.669823705278803
436.json,counting_and_probability,0.8455526196798527
437.json,counting_and_probability,0.42999500733252866
438.json,counting_and_probability,0.7398001392971096
439.json,counting_and_probability,0.8959752556973493
440.json,counting_and_probability,0.7028234711648936
441.json,counting_and_probability,0.854559179770809
442.json,number_theory,0.28484333046107907
443.json,algebra,0.8213737864470237
444.json,prealgebra,0.30456515692863695
445.json,counting_and_probability,0.7825998413857673
446.json,counting_and_probability,0.33829341300698823
447.json,counting_and_probability,0.6100688874885258
448.json,counting_and_probability,0.8930446828094092
449.json,number_theory,0.3648286652588844
450.json,intermediate_algebra,0.41428781855170493
451.json,counting_and_probability,0.7897895937923165
452.json,prealgebra,0.4821050983984349
453.json,prealgebra,0.25507869314965276
454.json,counting_and_probability,0.7148475093554414
455.json,counting_and_probability,0.6955044529113569
456.json,counting_and_probability,0.7547167309794363
457.json,counting_and_probability,0.6189506946894661
458.json,counting_and_probability,0.6735124461385531
459.json,counting_and_probability,0.856568422425471
460.json,counting_and_probability,0.8337702522939685
461.json,prealgebra,0.3006351762397925
462.json,counting_and_probability,0.8037280298148645
463.json,counting_and_probability,0.6772009004158597
464.json,counting_and_probability,0.5838083409365419
465.json,algebra,0.4309502563050421
466.json,counting_and_probability,0.7885368571940626
467.json,counting_and_probability,0.5891862445219842
468.json,counting_and_probability,0.7329343453973232
469.json,counting_and_probability,0.6903031699745337
470.json,counting_and_probability,0.9379693675325934
471.json,prealgebra,0.37823006998640746
472.json,counting_and_probability,0.5793529079978664
473.json,counting_and_probability,0.7870576428602604
474.json,counting_and_probability,0.7404917216774098
475.json,counting_and_probability,0.6553396797340988
476.json,prealgebra,0.4539217009656917
477.json,counting_and_probability,0.8656379394007335
478.json,prealgebra,0.3768740338568736
479.json,prealgebra,0.6524507119231826
480.json,counting_and_probability,0.8579684727409976
481.json,counting_and_probability,0.7262454431443729
482.json,counting_and_probability,0.8329418254420652
483.json,counting_and_probability,0.47197179013480484
484.json,counting_and_probability,0.688985680182459
485.json,counting_and_probability,0.6027541584222266
486.json,counting_and_probability,0.5789728491337084
487.json,counting_and_probability,0.6914068205748123
488.json,counting_and_probability,0.3127680308771735
489.json,prealgebra,0.3933033068897495
490.json,prealgebra,0.77609115682258
491.json,counting_and_probability,0.7173150608804997
492.json,algebra,0.2875747086662298
493.json,counting_and_probability,0.533603804966189
494.json,counting_and_probability,0.812612957985434
495.json,counting_and_probability,0.7073484409725308
496.json,counting_and_probability,0.4296349345907408
497.json,prealgebra,0.3986808691827144
498.json,prealgebra,0.4579185082714134
499.json,counting_and_probability,0.5480270269246256
500.json,counting_and_probability,0.7524924012478066
501.json,counting_and_probability,0.7303175381669536
502.json,counting_and_probability,0.6978717580449314
503.json,counting_and_probability,0.7377383735688344
504.json,counting_and_probability,0.8200733649639318
505.json,counting_and_probability,0.5054544918816731
506.json,counting_and_probability,0.6704307397687557
507.json,counting_and_probability,0.7444007286349805
508.json,counting_and_probability,0.7706209510654977
509.json,prealgebra,0.4217447104735252
510.json,intermediate_algebra,0.37727888586924613
511.json,counting_and_probability,0.38536180146327703
512.json,counting_and_probability,0.4678615881323827
513.json,counting_and_probability,0.639005660997329
514.json,number_theory,0.2820783600089085
515.json,prealgebra,0.367516706127759
516.json,prealgebra,0.3340560350227143
517.json,counting_and_probability,0.45235727625352407
518.json,counting_and_probability,0.940805201110198
519.json,counting_and_probability,0.425188138421052
520.json,counting_and_probability,0.44863212943180625
521.json,counting_and_probability,0.8482364651315788
522.json,counting_and_probability,0.743848469399677
523.json,counting_and_probability,0.5434676406820318
524.json,counting_and_probability,0.8412444327519643
525.json,counting_and_probability,0.451743431408741
526.json,counting_and_probability,0.8153187866135091
527.json,counting_and_probability,0.6086567662038742
528.json,counting_and_probability,0.2957440576713764
529.json,counting_and_probability,0.8660480556036865
530.json,algebra,0.3689702950902827
531.json,counting_and_probability,0.9018654130838177
532.json,counting_and_probability,0.35553526627706616
533.json,counting_and_probability,0.5471576974305573
534.json,counting_and_probability,0.6054467260560082
535.json,prealgebra,0.2736546570980795
536.json,counting_and_probability,0.9272381322972639
537.json,prealgebra,0.5788314062514273
538.json,counting_and_probability,0.6422269097329047
539.json,number_theory,0.26041409914538
540.json,counting_and_probability,0.82599631670842
541.json,counting_and_probability,0.7295373101111804
542.json,algebra,0.2556224950948754
543.json,counting_and_probability,0.6632858472440136
544.json,counting_and_probability,0.4146283586849865
545.json,counting_and_probability,0.8818522150523973
546.json,number_theory,0.4510319864609341
547.json,counting_and_probability,0.7034333469037709
548.json,counting_and_probability,0.8180765796676059
549.json,counting_and_probability,0.7808177122113671
550.json,counting_and_probability,0.5715354726067825
551.json,counting_and_probability,0.5467708272080386
552.json,prealgebra,0.439224212594207
553.json,counting_and_probability,0.45004895936659134
554.json,prealgebra,0.3241385185098225
555.json,prealgebra,0.26034779597090324
556.json,counting_and_probability,0.8197645049972041
557.json,counting_and_probability,0.6191463633794457
558.json,counting_and_probability,0.3512538658467002
559.json,counting_and_probability,0.7975070871458164
560.json,prealgebra,0.4224881018168679
561.json,prealgebra,0.37959386689174635
562.json,counting_and_probability,0.2640905037615239
563.json,counting_and_probability,0.744492654984117
564.json,counting_and_probability,0.9025461799389656
565.json,counting_and_probability,0.7376255752696632
566.json,counting_and_probability,0.306027183642448
567.json,counting_and_probability,0.6082208749770199
568.json,counting_and_probability,0.6082685641765777
569.json,counting_and_probability,0.7713639564332252
570.json,algebra,0.2646864761209485
571.json,counting_and_probability,0.5987863052658885
572.json,counting_and_probability,0.8294368797949156
573.json,counting_and_probability,0.45193936336246504
574.json,counting_and_probability,0.6990060506357335
575.json,counting_and_probability,0.6675304177242358
576.json,algebra,0.31986839574510717
577.json,prealgebra,0.4062808689536473
578.json,counting_and_probability,0.32023668236577607
579.json,number_theory,0.5272481933153467
580.json,algebra,0.36339996963332366
581.json,counting_and_probability,0.6783065231401623
582.json,counting_and_probability,0.8562742263004287
583.json,counting_and_probability,0.45741206068839985
584.json,algebra,0.3099573198233546
585.json,prealgebra,0.4186070579186673
586.json,prealgebra,0.5804564642572223
587.json,counting_and_probability,0.8373732260111001
588.json,counting_and_probability,0.7956318995327591
589.json,counting_and_probability,0.46588487686627666
590.json,counting_and_probability,0.3516462793593227
591.json,counting_and_probability,0.8512303795478217
592.json,counting_and_probability,0.7468290165504227
593.json,counting_and_probability,0.7072505204148293
594.json,prealgebra,0.6265193447343658
595.json,intermediate_algebra,0.4863526959850344
596.json,counting_and_probability,0.49978736742188296
597.json,counting_and_probability,0.48603474719598594
598.json,counting_and_probability,0.7402814044922646
599.json,counting_and_probability,0.3740151055081933
600.json,prealgebra,0.4737435590709401
601.json,geometry,0.43180667093211456
602.json,geometry,0.7133704276719421
603.json,geometry,0.8527497971454646
604.json,geometry,0.5782697903357875
605.json,geometry,0.8435299487551532
606.json,geometry,0.8626437408495414
607.json,geometry,0.49404418502303965
608.json,geometry,0.8259340277712633
609.json,geometry,0.7933943644590585
610.json,geometry,0.8349440000467384
611.json,geometry,0.5001299068203237
612.json,geometry,0.4312273306339807
613.json,geometry,0.6077749208314746
614.json,counting_and_probability,0.31781972542185344
615.json,geometry,0.6836119627043181
616.json,geometry,0.7614280869453165
617.json,prealgebra,0.4948877280223619
618.json,geometry,0.8370768015793926
619.json,algebra,0.3572773298886768
620.json,geometry,0.746064768048952
621.json,prealgebra,0.42353320605880995
622.json,geometry,0.4377869246672241
623.json,geometry,0.7387008136469849
624.json,geometry,0.6096523817854259
625.json,geometry,0.9090961790241466
626.json,geometry,0.5978838956376525
627.json,geometry,0.5213068362917022
628.json,geometry,0.6466735745783927
629.json,geometry,0.5570731496600677
630.json,precalculus,0.4591876704839564
631.json,geometry,0.4987254862519759
632.json,geometry,0.5234771253486254
633.json,algebra,0.45988114237321115
634.json,prealgebra,0.34353595908224493
635.json,geometry,0.6618656378451376
636.json,prealgebra,0.47951786659594214
637.json,prealgebra,0.684750810943161
638.json,geometry,0.6036589554630845
639.json,geometry,0.5846909419847169
640.json,geometry,0.8005729424348463
641.json,geometry,0.4940195516168439
642.json,geometry,0.4412060916754222
643.json,geometry,0.7743418630230307
644.json,geometry,0.8203738888757283
645.json,geometry,0.757316384947341
646.json,geometry,0.5189953326396288
647.json,geometry,0.8023565485042145
648.json,prealgebra,0.46943164132379284
649.json,geometry,0.4674927359722305
650.json,geometry,0.4028576630280858
651.json,prealgebra,0.521983448089663
652.json,geometry,0.6452047566779989
653.json,geometry,0.43414898438545096
654.json,geometry,0.5322294911280306
655.json,geometry,0.7902284392169946
656.json,geometry,0.8757243379782003
657.json,geometry,0.45980618964983216
658.json,precalculus,0.5305495243478299
659.json,prealgebra,0.49808678237086096
660.json,geometry,0.5140836688064959
661.json,geometry,0.558761214936277
662.json,prealgebra,0.44126029144772266
663.json,geometry,0.35248700247347925
664.json,geometry,0.7707941651513912
665.json,geometry,0.8415704046695613
666.json,geometry,0.6904569082179233
667.json,geometry,0.6006321872122976
668.json,geometry,0.7560128986119613
669.json,geometry,0.7133687953153232
670.json,geometry,0.6304139063896322
671.json,geometry,0.7983099050104256
672.json,algebra,0.32710510010321037
673.json,geometry,0.7376303608528031
674.json,geometry,0.48534235433792894
675.json,geometry,0.8260889978325304
676.json,geometry,0.5371763400276324
677.json,geometry,0.9084623944338828
678.json,prealgebra,0.5120582710719928
679.json,geometry,0.33783977636939283
680.json,geometry,0.41026794813956896
681.json,geometry,0.7724200597900076
682.json,geometry,0.3289908415365774
683.json,geometry,0.4464427104916442
684.json,intermediate_algebra,0.374862315485506
685.json,geometry,0.7422320916461335
686.json,geometry,0.28558687210448647
687.json,geometry,0.4538410132510782
688.json,geometry,0.3505863710887666
689.json,prealgebra,0.4488902144405396
690.json,prealgebra,0.5757599411971664
691.json,geometry,0.340109854003953
692.json,geometry,0.7335681008381503
693.json,geometry,0.634246613068754
694.json,prealgebra,0.5036338115110487
695.json,algebra,0.37900168781589394
696.json,geometry,0.45376977479293096
697.json,prealgebra,0.5864473428790747
698.json,geometry,0.34788764265169175
699.json,geometry,0.42331777792182523
700.json,algebra,0.3641896317489056
701.json,geometry,0.6603412954262795
702.json,prealgebra,0.7395262897647045
703.json,geometry,0.4103138500518383
704.json,geometry,0.5714610502106099
705.json,geometry,0.583963055460428
706.json,geometry,0.50831634686324
707.json,geometry,0.6747565653297901
708.json,geometry,0.6187524254136373
709.json,geometry,0.5460226775228857
710.json,geometry,0.5229843430488929
711.json,precalculus,0.4117659691920238
712.json,geometry,0.6670625343445021
713.json,geometry,0.46249686832011916
714.json,geometry,0.4393631436609934
715.json,geometry,0.7305256751612923
716.json,geometry,0.8108939484883275
717.json,geometry,0.6366397020873108
718.json,geometry,0.5107373297836988
719.json,geometry,0.7812348146181
720.json,geometry,0.44332739713688507
721.json,prealgebra,0.2813328633968332
722.json,geometry,0.7895565135329989
723.json,geometry,0.7082664191253701
724.json,geometry,0.509508034514286
725.json,geometry,0.681331008026081
726.json,geometry,0.9030359189472518
727.json,geometry,0.8109894539686251
728.json,geometry,0.4993416860937497
729.json,geometry,0.7824841289208581
730.json,geometry,0.48678656845928847
731.json,geometry,0.6936820541874408
732.json,prealgebra,0.7522132443832182
733.json,geometry,0.39710938192755324
734.json,geometry,0.6348204567668864
735.json,geometry,0.41568067248270324
736.json,prealgebra,0.268641715857129
737.json,geometry,0.502617347236151
738.json,geometry,0.7702701224337621
739.json,geometry,0.6995062767388729
740.json,geometry,0.7487167538103581
741.json,geometry,0.5257150503518256
742.json,geometry,0.7423982544843457
743.json,geometry,0.5394631748294553
744.json,geometry,0.8084496505105676
745.json,geometry,0.8320178518432858
746.json,prealgebra,0.5144202229588224
747.json,precalculus,0.41664979592398016
748.json,geometry,0.6996934288313016
749.json,geometry,0.664722845870333
750.json,geometry,0.7915424818993101
751.json,geometry,0.903839437998673
752.json,geometry,0.8251716186608186
753.json,geometry,0.6185599074274782
754.json,precalculus,0.49212035907576335
755.json,prealgebra,0.2556484802237496
756.json,geometry,0.6502544884130673
757.json,geometry,0.467978948638114
758.json,prealgebra,0.5875290001134431
759.json,geometry,0.48839984732806635
760.json,geometry,0.4281101420474978
761.json,geometry,0.8584097421443792
762.json,geometry,0.7441870746426978
763.json,geometry,0.7014761688126588
764.json,geometry,0.7623861038374924
765.json,geometry,0.51912909209524
766.json,geometry,0.9081003926492628
767.json,prealgebra,0.45151121426793556
768.json,prealgebra,0.4716494287278248
769.json,geometry,0.6629803872802126
770.json,prealgebra,0.4095682551286214
771.json,geometry,0.8671022977673077
772.json,geometry,0.5716568445706801
773.json,geometry,0.6283914005963476
774.json,geometry,0.7973896481253333
775.json,geometry,0.6041435326949753
776.json,geometry,0.6613356338781529
777.json,prealgebra,0.5526201086064809
778.json,geometry,0.7504020447693147
779.json,prealgebra,0.45979311675610673
780.json,geometry,0.5154044929382564
781.json,geometry,0.2996639823630241
782.json,geometry,0.6387618469262183
783.json,geometry,0.6042665686040076
784.json,geometry,0.7394064353547604
785.json,geometry,0.7811333728890902
786.json,prealgebra,0.2983537325575796
787.json,geometry,0.6144087950003431
788.json,geometry,0.7894245046823962
789.json,geometry,0.555916081244465
790.json,geometry,0.667247745225056
791.json,geometry,0.40817331094463144
792.json,geometry,0.607507361388685
793.json,geometry,0.6364086259794912
794.json,geometry,0.7428137192465925
795.json,geometry,0.6911621664686064
796.json,prealgebra,0.51839809662921
797.json,geometry,0.8797283590056529
798.json,geometry,0.6611813825527311
799.json,geometry,0.5929396632505439
800.json,geometry,0.8052155040603096
801.json,geometry,0.6201946803796141
802.json,geometry,0.8060797197185838
803.json,geometry,0.663003575626027
804.json,geometry,0.5485777059672421
805.json,geometry,0.8464777426007619
806.json,prealgebra,0.4180771126392308
807.json,geometry,0.3519345906782615
808.json,prealgebra,0.4237109304411264
809.json,algebra,0.3693106525785705
810.json,geometry,0.4835239448990997
811.json,geometry,0.7507866415488259
812.json,geometry,0.5611422143808358
813.json,geometry,0.5188286481839692
814.json,geometry,0.6315987471580118
815.json,geometry,0.8190181288376471
816.json,geometry,0.6492023194108091
817.json,geometry,0.7580507779403081
818.json,geometry,0.5536039214340642
819.json,geometry,0.4745426928316614
820.json,prealgebra,0.5240359352476097
821.json,prealgebra,0.5032179276316199
822.json,algebra,0.29918417274166553
823.json,geometry,0.34618017641548343
824.json,geometry,0.675455769671947
825.json,geometry,0.3385332807876414
826.json,geometry,0.6364594774765087
827.json,geometry,0.7310922719117474
828.json,geometry,0.9150271105142131
829.json,geometry,0.4211151943344651
830.json,geometry,0.7108826928408715
831.json,geometry,0.5878644184968821
832.json,geometry,0.589481867594176
833.json,geometry,0.49800693838007004
834.json,geometry,0.5460909929048394
835.json,prealgebra,0.542539018895359
836.json,geometry,0.6047426477647742
837.json,geometry,0.40664315618830277
838.json,geometry,0.5945198063654545
839.json,geometry,0.6004588106523501
840.json,geometry,0.8741490510343721
841.json,geometry,0.7265424260599712
842.json,geometry,0.7623430677336669
843.json,geometry,0.5709186161498769
844.json,geometry,0.7728830505795714
845.json,geometry,0.517185119399628
846.json,geometry,0.4432774803940922
847.json,geometry,0.5184732415268063
848.json,geometry,0.7571951474290199
849.json,geometry,0.578633975780014
850.json,geometry,0.7024772535065796
851.json,prealgebra,0.5694746411547724
852.json,geometry,0.4327672669853249
853.json,geometry,0.6772153440273517
854.json,geometry,0.6566817418350207
855.json,geometry,0.8886530051102282
856.json,geometry,0.5808379646491113
857.json,geometry,0.8202853168985311
858.json,geometry,0.5869109781217158
859.json,geometry,0.44298591092665845
860.json,geometry,0.34367631713372676
861.json,geometry,0.6497368390565256
862.json,algebra,0.3253933757622679
863.json,prealgebra,0.5954850687110583
864.json,geometry,0.6771785202505246
865.json,geometry,0.38720565623397646
866.json,geometry,0.6867232316136495
867.json,prealgebra,0.3329117247162752
868.json,algebra,0.48005990548777144
869.json,algebra,0.38486227747874535
870.json,geometry,0.5561179720427161
871.json,geometry,0.7402211064050253
872.json,geometry,0.4847730942617322
873.json,geometry,0.7497275479990357
874.json,geometry,0.4995940061915771
875.json,geometry,0.7334016376855493
876.json,geometry,0.5549584664410098
877.json,geometry,0.8493068550933401
878.json,geometry,0.6144220898404171
879.json,geometry,0.6829950403780455
880.json,geometry,0.6533699465922082
881.json,geometry,0.7798968048727761
882.json,geometry,0.599491917429634
883.json,algebra,0.638354807229529
884.json,geometry,0.4193754474684056
885.json,geometry,0.5919049753462037
886.json,prealgebra,0.32241909717589934
887.json,precalculus,0.48874070708507517
888.json,geometry,0.4685455840748148
889.json,geometry,0.713577178828489
890.json,geometry,0.4139642735207822
891.json,geometry,0.8337993592862588
892.json,geometry,0.5241440974095075
893.json,prealgebra,0.43748473998230614
894.json,geometry,0.7515166344451139
895.json,prealgebra,0.5081455890312633
896.json,geometry,0.5954781631873364
897.json,geometry,0.6826236803421023
898.json,geometry,0.6318128337946367
899.json,prealgebra,0.43532552456441653
900.json,intermediate_algebra,0.8185313689442919
901.json,algebra,0.3206136000380387
902.json,algebra,0.666175584531569
903.json,intermediate_algebra,0.8175609669702628
904.json,intermediate_algebra,0.961992235069684
905.json,intermediate_algebra,0.9409190454556222
906.json,intermediate_algebra,0.5484914940063266
907.json,intermediate_algebra,0.5850793790876431
908.json,intermediate_algebra,0.5527348784447815
909.json,intermediate_algebra,0.8652167212967814
910.json,intermediate_algebra,0.9357755856447046
911.json,intermediate_algebra,0.9238529624686102
912.json,precalculus,0.4824099638673348
913.json,algebra,0.3649569884784822
914.json,intermediate_algebra,0.5061739057819259
915.json,intermediate_algebra,0.9038732280918007
916.json,intermediate_algebra,0.7607246091499761
917.json,intermediate_algebra,0.9453743456985491
918.json,intermediate_algebra,0.7311411543378938
919.json,intermediate_algebra,0.6366880857400561
920.json,intermediate_algebra,0.8386591419922121
921.json,intermediate_algebra,0.7917914689086721
922.json,intermediate_algebra,0.6356125747712967
923.json,algebra,0.5615145834368511
924.json,intermediate_algebra,0.8739658272272606
925.json,intermediate_algebra,0.6639720042457705
926.json,intermediate_algebra,0.9155497203362492
927.json,intermediate_algebra,0.43700799367348464
928.json,intermediate_algebra,0.9182366133401543
929.json,intermediate_algebra,0.5941858123754717
930.json,intermediate_algebra,0.7698632163464778
931.json,intermediate_algebra,0.9638255647614213
932.json,intermediate_algebra,0.7754447495801696
933.json,algebra,0.6652670869239772
934.json,intermediate_algebra,0.7685270673700708
935.json,intermediate_algebra,0.9285784211928093
936.json,intermediate_algebra,0.5706572310492014
937.json,prealgebra,0.4201957986831933
938.json,intermediate_algebra,0.925980141621236
939.json,intermediate_algebra,0.9265046540929408
940.json,intermediate_algebra,0.5790259191459803
941.json,intermediate_algebra,0.715587411840998
942.json,intermediate_algebra,0.6095674378912112
943.json,intermediate_algebra,0.5162631497629431
944.json,intermediate_algebra,0.8050244722767821
945.json,intermediate_algebra,0.7514797446479499
946.json,intermediate_algebra,0.9534663215652736
947.json,intermediate_algebra,0.8231854417654769
948.json,intermediate_algebra,0.9077824578422863
949.json,intermediate_algebra,0.5644163186471091
950.json,intermediate_algebra,0.7274489484303817
951.json,algebra,0.7757984197007525
952.json,precalculus,0.7349651154698716
953.json,intermediate_algebra,0.4223129870338671
954.json,algebra,0.47409125993388274
955.json,algebra,0.5337502973650035
956.json,intermediate_algebra,0.6940695324095291
957.json,algebra,0.35076804134985146
958.json,algebra,0.6200116302977766
959.json,intermediate_algebra,0.7647374412460661
960.json,intermediate_algebra,0.477785411216369
961.json,intermediate_algebra,0.4058479316248068
962.json,intermediate_algebra,0.7441645394444688
963.json,prealgebra,0.398385168047098
964.json,intermediate_algebra,0.5735805220963888
965.json,geometry,0.25666809338588337
966.json,intermediate_algebra,0.759010969228235
967.json,intermediate_algebra,0.7087641458330137
968.json,intermediate_algebra,0.620338348383954
969.json,intermediate_algebra,0.6481128544177098
970.json,intermediate_algebra,0.9313621786111417
971.json,intermediate_algebra,0.7354796197024994
972.json,intermediate_algebra,0.7252296545791007
973.json,geometry,0.3493289586400634
974.json,intermediate_algebra,0.7441645394444688
975.json,intermediate_algebra,0.6727785777286648
976.json,algebra,0.4209234722771699
977.json,intermediate_algebra,0.6165229266815205
978.json,algebra,0.32919839277042456
979.json,intermediate_algebra,0.7440994146814476
980.json,intermediate_algebra,0.7978239567236872
981.json,intermediate_algebra,0.9659855011733616
982.json,intermediate_algebra,0.4988577153451775
983.json,intermediate_algebra,0.6147756634567134
984.json,intermediate_algebra,0.9252790149094657
985.json,intermediate_algebra,0.8725429846421542
986.json,intermediate_algebra,0.9588527714884217
987.json,intermediate_algebra,0.7730525627415653
988.json,intermediate_algebra,0.5807524519778445
989.json,intermediate_algebra,0.7985736252605191
990.json,intermediate_algebra,0.4932349818996061
991.json,intermediate_algebra,0.8234363381985234
992.json,algebra,0.4198419556484884
993.json,intermediate_algebra,0.7541902292170004
994.json,algebra,0.3346739243854564
995.json,intermediate_algebra,0.42417026391569984
996.json,intermediate_algebra,0.6312133097565655
997.json,intermediate_algebra,0.8947889833600126
998.json,intermediate_algebra,0.8829260224923159
999.json,intermediate_algebra,0.5062949390368328
1000.json,intermediate_algebra,0.8331669292994478
1001.json,intermediate_algebra,0.538687572469873
1002.json,intermediate_algebra,0.9272681037521294
1003.json,algebra,0.2770579573328483
1004.json,algebra,0.24895153023691624
1005.json,intermediate_algebra,0.5810354908398643
1006.json,intermediate_algebra,0.5152368133490827
1007.json,algebra,0.5351819140357265
1008.json,intermediate_algebra,0.839053906410802
1009.json,intermediate_algebra,0.6909779844009397
1010.json,intermediate_algebra,0.6964039697228397
1011.json,intermediate_algebra,0.4859851904004349
1012.json,intermediate_algebra,0.9344872345984521
1013.json,intermediate_algebra,0.8975958416751838
1014.json,intermediate_algebra,0.713585368384342
1015.json,intermediate_algebra,0.5289702690114576
1016.json,intermediate_algebra,0.5995728378743528
1017.json,intermediate_algebra,0.7634504477068373
1018.json,intermediate_algebra,0.8218469413146212
1019.json,intermediate_algebra,0.6047385804660179
1020.json,intermediate_algebra,0.7517015165686359
1021.json,geometry,0.3824403087148828
1022.json,intermediate_algebra,0.7131034548304187
1023.json,intermediate_algebra,0.9486044420942406
1024.json,intermediate_algebra,0.9453706368174458
1025.json,intermediate_algebra,0.7012107305251138
1026.json,algebra,0.5816986005043275
1027.json,intermediate_algebra,0.6943318685201262
1028.json,intermediate_algebra,0.8436703309203996
1029.json,intermediate_algebra,0.6226988744910076
1030.json,intermediate_algebra,0.5067921974603006
1031.json,intermediate_algebra,0.528805503704321
1032.json,algebra,0.546497714034138
1033.json,intermediate_algebra,0.3012871351627485
1034.json,algebra,0.5453631404317267
1035.json,intermediate_algebra,0.9224671154694098
1036.json,intermediate_algebra,0.40642096354940094
1037.json,intermediate_algebra,0.8271894187334936
1038.json,geometry,0.39483289484770806
1039.json,intermediate_algebra,0.37351603151261203
1040.json,intermediate_algebra,0.8374104533914785
1041.json,algebra,0.4691036616109016
1042.json,intermediate_algebra,0.7794212914691148
1043.json,intermediate_algebra,0.30559455569649935
1044.json,intermediate_algebra,0.46961678319401473
1045.json,intermediate_algebra,0.5363774507787605
1046.json,intermediate_algebra,0.8100877091843633
1047.json,intermediate_algebra,0.6250313385835222
1048.json,intermediate_algebra,0.9491385676107009
1049.json,intermediate_algebra,0.8837456754879566
1050.json,intermediate_algebra,0.3845350853384638
1051.json,intermediate_algebra,0.7198349257416641
1052.json,intermediate_algebra,0.9040743757778925
1053.json,intermediate_algebra,0.5007914019961629
1054.json,intermediate_algebra,0.4750509114327314
1055.json,intermediate_algebra,0.8753867027605527
1056.json,algebra,0.5439683050596547
1057.json,intermediate_algebra,0.963553789599842
1058.json,intermediate_algebra,0.7304483182920428
1059.json,intermediate_algebra,0.7236614767524896
1060.json,intermediate_algebra,0.9493347433234314
1061.json,intermediate_algebra,0.3998353001327045
1062.json,intermediate_algebra,0.7264696003697951
1063.json,algebra,0.4804703246722942
1064.json,intermediate_algebra,0.9049506132459295
1065.json,intermediate_algebra,0.7701668630564915
1066.json,algebra,0.5102744371875624
1067.json,intermediate_algebra,0.7655785183043382
1068.json,intermediate_algebra,0.7126123549417497
1069.json,algebra,0.7558595319664421
1070.json,intermediate_algebra,0.9707077395223743
1071.json,intermediate_algebra,0.6880643601772647
1072.json,intermediate_algebra,0.8227605693238078
1073.json,intermediate_algebra,0.7625799217389297
1074.json,algebra,0.5076059455237014
1075.json,intermediate_algebra,0.6910604903442114
1076.json,intermediate_algebra,0.5495338724510405
1077.json,intermediate_algebra,0.7375565818801664
1078.json,intermediate_algebra,0.6049699546004308
1079.json,intermediate_algebra,0.8414611971042173
1080.json,intermediate_algebra,0.8897796845703844
1081.json,algebra,0.5029569026625995
1082.json,intermediate_algebra,0.7178189888426517
1083.json,intermediate_algebra,0.6479889990639826
1084.json,intermediate_algebra,0.8751268640809715
1085.json,intermediate_algebra,0.4616566766968271
1086.json,intermediate_algebra,0.747165976600765
1087.json,intermediate_algebra,0.5189776561272558
1088.json,intermediate_algebra,0.8975735553651578
1089.json,intermediate_algebra,0.6315340538132431
1090.json,intermediate_algebra,0.8131645697976762
1091.json,algebra,0.41318173488425064
1092.json,intermediate_algebra,0.6684599393680642
1093.json,intermediate_algebra,0.810430335170588
1094.json,intermediate_algebra,0.9110432737163076
1095.json,intermediate_algebra,0.6220139966353523
1096.json,algebra,0.41162962753778876
1097.json,intermediate_algebra,0.667616639707149
1098.json,intermediate_algebra,0.8260006230801203
1099.json,intermediate_algebra,0.5868471008278969
1100.json,intermediate_algebra,0.8326633982043051
1101.json,intermediate_algebra,0.9702700510610495
1102.json,intermediate_algebra,0.8810472891997263
1103.json,intermediate_algebra,0.8139737242681728
1104.json,intermediate_algebra,0.6457053600917765
1105.json,prealgebra,0.48113464709646436
1106.json,intermediate_algebra,0.7547660014591736
1107.json,intermediate_algebra,0.4152495071231818
1108.json,intermediate_algebra,0.4175926362397055
1109.json,intermediate_algebra,0.6579700092270863
1110.json,intermediate_algebra,0.9538266326646607
1111.json,intermediate_algebra,0.9242055150105903
1112.json,intermediate_algebra,0.8621464879468401
1113.json,prealgebra,0.5513081487865209
1114.json,intermediate_algebra,0.7731528464779219
1115.json,intermediate_algebra,0.646493238322642
1116.json,intermediate_algebra,0.5378740356235072
1117.json,intermediate_algebra,0.7567821517731539
1118.json,intermediate_algebra,0.7136597109399307
1119.json,geometry,0.4538326633486739
1120.json,intermediate_algebra,0.543030924988525
1121.json,intermediate_algebra,0.5822080629481894
1122.json,algebra,0.5758042021752455
1123.json,algebra,0.5439316370655598
1124.json,intermediate_algebra,0.7667724370458208
1125.json,intermediate_algebra,0.7325792277658184
1126.json,algebra,0.4969961211556149
1127.json,intermediate_algebra,0.9750150612606312
1128.json,intermediate_algebra,0.38768005671776
1129.json,algebra,0.4999510612868679
1130.json,algebra,0.4778755560955272
1131.json,intermediate_algebra,0.8512772962924933
1132.json,intermediate_algebra,0.8579932024242279
1133.json,intermediate_algebra,0.5222216344106497
1134.json,algebra,0.4256932005086455
1135.json,intermediate_algebra,0.9175997737918206
1136.json,algebra,0.7814091578472533
1137.json,algebra,0.7463023679871923
1138.json,intermediate_algebra,0.6707667576169098
1139.json,algebra,0.6841211609071846
1140.json,intermediate_algebra,0.9565480267359959
1141.json,algebra,0.4081021302663546
1142.json,intermediate_algebra,0.3953998762784893
1143.json,intermediate_algebra,0.7260636075326089
1144.json,intermediate_algebra,0.7064577161392193
1145.json,intermediate_algebra,0.4261476704184958
1146.json,intermediate_algebra,0.7586118910522498
1147.json,intermediate_algebra,0.9846389643869311
1148.json,algebra,0.597985534370467
1149.json,intermediate_algebra,0.7264431975354103
1150.json,intermediate_algebra,0.6106101115697325
1151.json,intermediate_algebra,0.9057944780071017
1152.json,algebra,0.41681076109075804
1153.json,intermediate_algebra,0.8872507824905244
1154.json,algebra,0.7910349945323354
1155.json,algebra,0.46522293840879597
1156.json,intermediate_algebra,0.9634970003267869
1157.json,intermediate_algebra,0.2817642841309187
1158.json,algebra,0.7062543749105172
1159.json,intermediate_algebra,0.9814895616563797
1160.json,intermediate_algebra,0.6076139732290603
1161.json,intermediate_algebra,0.6929166459870247
1162.json,intermediate_algebra,0.7326281212811189
1163.json,intermediate_algebra,0.5315941143008575
1164.json,intermediate_algebra,0.5614241741770254
1165.json,intermediate_algebra,0.4955747042411951
1166.json,intermediate_algebra,0.8311987746108848
1167.json,intermediate_algebra,0.2800148771830492
1168.json,algebra,0.561175685722069
1169.json,intermediate_algebra,0.5278118557948901
1170.json,intermediate_algebra,0.7447473225027191
1171.json,intermediate_algebra,0.9176161605526342
1172.json,intermediate_algebra,0.9439976322592819
1173.json,geometry,0.31043220778353803
1174.json,intermediate_algebra,0.6826962278510402
1175.json,intermediate_algebra,0.4407998548112877
1176.json,intermediate_algebra,0.9645494748952065
1177.json,intermediate_algebra,0.8302727112208126
1178.json,intermediate_algebra,0.44529607934367993
1179.json,algebra,0.4335293333517714
1180.json,intermediate_algebra,0.5067312631530462
1181.json,intermediate_algebra,0.720412048940523
1182.json,algebra,0.4422398757256581
1183.json,intermediate_algebra,0.6762585889904158
1184.json,intermediate_algebra,0.9235791771260353
1185.json,algebra,0.4698168337316668
1186.json,intermediate_algebra,0.5192794032360096
1187.json,algebra,0.6012347142725144
1188.json,algebra,0.35404982370993654
1189.json,intermediate_algebra,0.9441946299394945
1190.json,number_theory,0.4711455115047586
1191.json,intermediate_algebra,0.7950348669865643
1192.json,number_theory,0.2377146616626884
1193.json,intermediate_algebra,0.9741700059026372
1194.json,intermediate_algebra,0.5860230811799743
1195.json,algebra,0.35944502544475687
1196.json,algebra,0.5702838329554453
1197.json,intermediate_algebra,0.5593868956800413
1198.json,intermediate_algebra,0.4077797078304189
1199.json,intermediate_algebra,0.43952142730689386
1200.json,counting_and_probability,0.5238834036210168
1201.json,algebra,0.29048279078034034
1202.json,number_theory,0.36893627511562327
1203.json,number_theory,0.9117425900814456
1204.json,number_theory,0.7244447902375767
1205.json,number_theory,0.3972530545868156
1206.json,number_theory,0.5195708455456165
1207.json,prealgebra,0.30803163432698805
1208.json,number_theory,0.6722778629701693
1209.json,algebra,0.2654830065658184
1210.json,number_theory,0.5951565024505612
1211.json,number_theory,0.9158333911826442
1212.json,number_theory,0.4683626682128068
1213.json,number_theory,0.5309953813733742
1214.json,number_theory,0.6014270483388434
1215.json,number_theory,0.7109865275175159
1216.json,number_theory,0.34966270572722785
1217.json,counting_and_probability,0.3133537959107251
1218.json,prealgebra,0.5047277532459983
1219.json,number_theory,0.5003335533378038
1220.json,algebra,0.36002366942065445
1221.json,number_theory,0.5996645811287067
1222.json,number_theory,0.6171635171976677
1223.json,number_theory,0.6727847999585929
1224.json,intermediate_algebra,0.5410591876612865
1225.json,number_theory,0.3023456435613986
1226.json,number_theory,0.6096685130348111
1227.json,number_theory,0.5150500464678623
1228.json,algebra,0.36729293531530943
1229.json,number_theory,0.332186250068605
1230.json,algebra,0.4814542333719189
1231.json,number_theory,0.4898413960028994
1232.json,number_theory,0.461999608150164
1233.json,number_theory,0.7473528196379357
1234.json,number_theory,0.2764460141636691
1235.json,number_theory,0.6378908070447556
1236.json,number_theory,0.45120682306224597
1237.json,number_theory,0.7886353608127984
1238.json,number_theory,0.8400602105947771
1239.json,number_theory,0.5234448403565284
1240.json,number_theory,0.6679779131234109
1241.json,counting_and_probability,0.5252247491006503
1242.json,prealgebra,0.3056259523684556
1243.json,number_theory,0.37506208785799294
1244.json,number_theory,0.5667783277636237
1245.json,number_theory,0.46746941208570125
1246.json,number_theory,0.6098932587258273
1247.json,counting_and_probability,0.7014476794479446
1248.json,number_theory,0.9845571322188249
1249.json,number_theory,0.4571719531371071
1250.json,algebra,0.3659388233314494
1251.json,number_theory,0.5729414396509565
1252.json,number_theory,0.7586243294852245
1253.json,number_theory,0.6870899364063097
1254.json,prealgebra,0.5142066988579092
1255.json,number_theory,0.30080639146688043
1256.json,number_theory,0.6383969177391806
1257.json,number_theory,0.6669631666210826
1258.json,number_theory,0.8056966670181199
1259.json,algebra,0.36684557123215644
1260.json,number_theory,0.8105188460525219
1261.json,number_theory,0.8366702458420746
1262.json,number_theory,0.5995971787366619
1263.json,number_theory,0.43396242431399507
1264.json,number_theory,0.4691770960991762
1265.json,number_theory,0.7462185150689681
1266.json,number_theory,0.3786167861226002
1267.json,number_theory,0.6205278075220632
1268.json,number_theory,0.7349350179792566
1269.json,number_theory,0.8063112318396001
1270.json,number_theory,0.6940767755731977
1271.json,prealgebra,0.3830189968266494
1272.json,intermediate_algebra,0.5078005256644896
1273.json,prealgebra,0.30372512963958953
1274.json,number_theory,0.4287281917461424
1275.json,number_theory,0.6677544297507473
1276.json,prealgebra,0.41735528473205313
1277.json,number_theory,0.792997000219427
1278.json,number_theory,0.6570622516726772
1279.json,number_theory,0.40233746145082505
1280.json,number_theory,0.4319701290282642
1281.json,number_theory,0.49107320923241826
1282.json,number_theory,0.6454893721316314
1283.json,number_theory,0.408406033225375
1284.json,number_theory,0.7114485717995408
1285.json,number_theory,0.42517982496846235
1286.json,prealgebra,0.42027930962726434
1287.json,number_theory,0.6011737226240081
1288.json,algebra,0.4215314618659965
1289.json,number_theory,0.6348475735389106
1290.json,number_theory,0.5253074900120135
1291.json,number_theory,0.9635560504906433
1292.json,algebra,0.4250211837783711
1293.json,number_theory,0.4636701325323191
1294.json,number_theory,0.7953739914169248
1295.json,number_theory,0.7097131144822959
1296.json,prealgebra,0.31556235327482907
1297.json,prealgebra,0.2756132554174126
1298.json,prealgebra,0.4108706248828948
1299.json,number_theory,0.8692385499393583
1300.json,algebra,0.3094497713722707
1301.json,number_theory,0.7114704786267116
1302.json,number_theory,0.4277934987173205
1303.json,number_theory,0.6926886672845972
1304.json,number_theory,0.428948457641281
1305.json,number_theory,0.4817748890320086
1306.json,number_theory,0.505709951915594
1307.json,number_theory,0.4409773322161719
1308.json,number_theory,0.6391508224388829
1309.json,number_theory,0.24444623641842658
1310.json,prealgebra,0.3927144458199835
1311.json,number_theory,0.7404899816090164
1312.json,algebra,0.3280951652828194
1313.json,number_theory,0.4966839840508494
1314.json,number_theory,0.3667474683583123
1315.json,number_theory,0.6510818600567001
1316.json,prealgebra,0.32737320532122
1317.json,number_theory,0.7262395654866669
1318.json,algebra,0.26089848425415607
1319.json,number_theory,0.7756287715209239
1320.json,number_theory,0.7436145193266223
1321.json,number_theory,0.6684431362762968
1322.json,number_theory,0.39926204006755067
1323.json,number_theory,0.3666798504730906
1324.json,number_theory,0.6943870653818935
1325.json,number_theory,0.3823517813066623
1326.json,number_theory,0.6881351181091061
1327.json,number_theory,0.5240141355001436
1328.json,number_theory,0.7562765573078166
1329.json,number_theory,0.8425215177294151
1330.json,number_theory,0.8657056773432007
1331.json,number_theory,0.4287271104163682
1332.json,prealgebra,0.4311289488215683
1333.json,number_theory,0.6960880351617993
1334.json,number_theory,0.7184641177284701
1335.json,number_theory,0.5074421330682438
1336.json,number_theory,0.5721904889627932
1337.json,number_theory,0.6880506246246365
1338.json,number_theory,0.7847252652390732
1339.json,number_theory,0.7445407724714488
1340.json,number_theory,0.5649751145239432
1341.json,number_theory,0.7422955576985184
1342.json,number_theory,0.45907875062326453
1343.json,number_theory,0.8236686251049369
1344.json,intermediate_algebra,0.5282117436839955
1345.json,number_theory,0.6474928980082174
1346.json,number_theory,0.8157028460591866
1347.json,number_theory,0.5317663435043632
1348.json,number_theory,0.6596402866490921
1349.json,prealgebra,0.5934418346308898
1350.json,algebra,0.3261663944327817
1351.json,number_theory,0.8114408344676188
1352.json,prealgebra,0.36729115623665476
1353.json,number_theory,0.811123831669489
1354.json,number_theory,0.9403766225652135
1355.json,counting_and_probability,0.35445850815026947
1356.json,number_theory,0.5868999627764646
1357.json,number_theory,0.4479239939062253
1358.json,number_theory,0.8381070195588874
1359.json,counting_and_probability,0.38303517648423674
1360.json,number_theory,0.5601304351529884
1361.json,number_theory,0.7047631054287455
1362.json,algebra,0.343604873571211
1363.json,number_theory,0.7556021087323284
1364.json,number_theory,0.8051538143783777
1365.json,number_theory,0.9792900973028619
1366.json,number_theory,0.5490225388719645
1367.json,number_theory,0.5494109071525413
1368.json,number_theory,0.8405986429726999
1369.json,algebra,0.35698299499558495
1370.json,number_theory,0.7109865275175159
1371.json,algebra,0.38130977236955005
1372.json,number_theory,0.6337127591137349
1373.json,number_theory,0.6960613494941419
1374.json,number_theory,0.5794481361606917
1375.json,number_theory,0.25468243945167
1376.json,number_theory,0.9473722668701303
1377.json,number_theory,0.3053270613399675
1378.json,number_theory,0.8857427206294151
1379.json,number_theory,0.9483331788498354
1380.json,number_theory,0.9211873869568464
1381.json,number_theory,0.40275638516550855
1382.json,number_theory,0.4903991128215445
1383.json,number_theory,0.3583281543909466
1384.json,number_theory,0.6961964335802393
1385.json,number_theory,0.6105909431270504
1386.json,number_theory,0.4174129777877822
1387.json,number_theory,0.4875130900219148
1388.json,algebra,0.5784963170418662
1389.json,algebra,0.3528410960225377
1390.json,number_theory,0.6379954072819621
1391.json,counting_and_probability,0.5705758428401948
1392.json,number_theory,0.5928984809090628
1393.json,number_theory,0.6834237593747449
1394.json,number_theory,0.8302547880392172
1395.json,number_theory,0.5101998833085539
1396.json,number_theory,0.5820214804788317
1397.json,number_theory,0.9496175322064957
1398.json,number_theory,0.4744166069288879
1399.json,number_theory,0.7642820025546995
1400.json,number_theory,0.7832228164459315
1401.json,counting_and_probability,0.47388582748411573
1402.json,number_theory,0.6983647947858487
1403.json,number_theory,0.43227287283286947
1404.json,number_theory,0.4838402853646861
1405.json,prealgebra,0.4756600030970625
1406.json,number_theory,0.558740000630549
1407.json,number_theory,0.8070507122782372
1408.json,number_theory,0.6152352342422923
1409.json,number_theory,0.466130074868295
1410.json,number_theory,0.8924034626170131
1411.json,number_theory,0.7142222039177382
1412.json,number_theory,0.5463258438124869
1413.json,algebra,0.31141393795628736
1414.json,number_theory,0.4065054812629461
1415.json,number_theory,0.5995938224310658
1416.json,number_theory,0.9569938548027548
1417.json,number_theory,0.4833349751121109
1418.json,number_theory,0.73338792638017
1419.json,prealgebra,0.4630125010236891
1420.json,number_theory,0.738994280238174
1421.json,number_theory,0.8005931749463234
1422.json,algebra,0.425370877953204
1423.json,algebra,0.4004936806039645
1424.json,number_theory,0.8313077084588589
1425.json,number_theory,0.4483919184509335
1426.json,number_theory,0.3607730377967638
1427.json,number_theory,0.8611312099354981
1428.json,number_theory,0.9511460373986529
1429.json,number_theory,0.829205802862219
1430.json,number_theory,0.7205837615800533
1431.json,number_theory,0.6949234573302371
1432.json,prealgebra,0.23744940066009765
1433.json,number_theory,0.7193199599178102
1434.json,number_theory,0.8648036434872142
1435.json,number_theory,0.65277441437128
1436.json,number_theory,0.4821482911368847
1437.json,intermediate_algebra,0.3793997915195725
1438.json,number_theory,0.7471775081899625
1439.json,number_theory,0.7665083330481698
1440.json,number_theory,0.37966233111756426
1441.json,number_theory,0.4862283170169207
1442.json,number_theory,0.4597995307114833
1443.json,number_theory,0.4094363931150017
1444.json,number_theory,0.7923222431291715
1445.json,number_theory,0.5778263008927633
1446.json,number_theory,0.8063173018802483
1447.json,algebra,0.4118833258843758
1448.json,number_theory,0.3365921285333675
1449.json,number_theory,0.4723359062129922
1450.json,number_theory,0.8448609126957165
1451.json,prealgebra,0.46581320126608444
1452.json,number_theory,0.6653353333936313
1453.json,algebra,0.27162127373690426
1454.json,number_theory,0.4179043523902375
1455.json,algebra,0.5765672089329607
1456.json,prealgebra,0.6032815369798347
1457.json,number_theory,0.8487092395171111
1458.json,number_theory,0.698947430362464
1459.json,number_theory,0.8276674586300787
1460.json,number_theory,0.2544481456373632
1461.json,prealgebra,0.5242184929445886
1462.json,number_theory,0.4338338743973279
1463.json,number_theory,0.8648036434872142
1464.json,number_theory,0.3694729158914661
1465.json,number_theory,0.8539871687044392
1466.json,number_theory,0.5004259877653616
1467.json,number_theory,0.8463211501695398
1468.json,number_theory,0.6737521202520683
1469.json,number_theory,0.8093855856086106
1470.json,prealgebra,0.5759476004031249
1471.json,prealgebra,0.39188825716530434
1472.json,number_theory,0.3234697520464055
1473.json,number_theory,0.9245706973905319
1474.json,number_theory,0.7244154675956183
1475.json,number_theory,0.5727061882255349
1476.json,number_theory,0.49999529062449977
1477.json,number_theory,0.8339419377218926
1478.json,number_theory,0.6364031161897301
1479.json,number_theory,0.780322604254624
1480.json,number_theory,0.49501243401475786
1481.json,number_theory,0.3257097493475826
1482.json,number_theory,0.7423005537818096
1483.json,prealgebra,0.42866516011758304
1484.json,number_theory,0.7715941575245802
1485.json,number_theory,0.46591636781204454
1486.json,prealgebra,0.43250806745226505
1487.json,number_theory,0.8152227753025271
1488.json,number_theory,0.6086760617061896
1489.json,algebra,0.4472379053326017
1490.json,number_theory,0.8756790895456618
1491.json,number_theory,0.7356453661841479
1492.json,number_theory,0.6215562410447351
1493.json,number_theory,0.9336205088286849
1494.json,number_theory,0.5064181565408794
1495.json,number_theory,0.697974597798466
1496.json,number_theory,0.8604077340814488
1497.json,number_theory,0.5229691076883514
1498.json,number_theory,0.9698293962403669
1499.json,number_theory,0.750651624331838
1500.json,counting_and_probability,0.3745789613484741
1501.json,geometry,0.6111985567998602
1502.json,prealgebra,0.4587558266647373
1503.json,algebra,0.47228279832936454
1504.json,prealgebra,0.7682482606224947
1505.json,prealgebra,0.6087073142921096
1506.json,number_theory,0.26440165113286923
1507.json,prealgebra,0.6717931342272109
1508.json,prealgebra,0.513246109397631
1509.json,prealgebra,0.48495296851764763
1510.json,prealgebra,0.7750395682481839
1511.json,prealgebra,0.3504220734761872
1512.json,prealgebra,0.3827720362218693
1513.json,algebra,0.34103687881769346
1514.json,prealgebra,0.6042084753784019
1515.json,prealgebra,0.32175344024844255
1516.json,prealgebra,0.4316944090327767
1517.json,prealgebra,0.465213353896791
1518.json,algebra,0.46539113757933404
1519.json,algebra,0.4144035359710682
1520.json,prealgebra,0.3708257521526251
1521.json,prealgebra,0.406518383370207
1522.json,prealgebra,0.5755408751608542
1523.json,prealgebra,0.47239783093227655
1524.json,prealgebra,0.7538177960166899
1525.json,counting_and_probability,0.5975323409926631
1526.json,algebra,0.7293907706468311
1527.json,prealgebra,0.7489849508692239
1528.json,prealgebra,0.45839754209797356
1529.json,geometry,0.6867421703750202
1530.json,algebra,0.31905074428057034
1531.json,algebra,0.3449327204685798
1532.json,prealgebra,0.6155034541689637
1533.json,geometry,0.749023468253597
1534.json,number_theory,0.32753970535532967
1535.json,counting_and_probability,0.40334327831859274
1536.json,prealgebra,0.7550997076092565
1537.json,prealgebra,0.5019916565543165
1538.json,intermediate_algebra,0.38433903651557655
1539.json,counting_and_probability,0.5212787869001508
1540.json,algebra,0.39413317149873567
1541.json,prealgebra,0.4830291832219999
1542.json,algebra,0.32258268153483016
1543.json,number_theory,0.344770237437979
1544.json,algebra,0.36203399866111674
1545.json,algebra,0.5325051666908353
1546.json,prealgebra,0.775480306849512
1547.json,prealgebra,0.7182459944335788
1548.json,prealgebra,0.3449020220505687
1549.json,algebra,0.41239680780112514
1550.json,prealgebra,0.6201810855954926
1551.json,number_theory,0.6656605641646659
1552.json,intermediate_algebra,0.3860790004811241
1553.json,prealgebra,0.29516252625972894
1554.json,number_theory,0.5095852894153042
1555.json,prealgebra,0.4319889899664827
1556.json,prealgebra,0.5769806577627778
1557.json,geometry,0.5021738160454197
1558.json,geometry,0.6931480460189373
1559.json,prealgebra,0.5613487699571119
1560.json,algebra,0.40339595083289154
1561.json,prealgebra,0.3705783714862404
1562.json,algebra,0.6346334449360843
1563.json,prealgebra,0.3445448398360744
1564.json,geometry,0.355587331833442
1565.json,prealgebra,0.41158133689534077
1566.json,algebra,0.4606207733843425
1567.json,prealgebra,0.48774715408945096
1568.json,prealgebra,0.35062910312281814
1569.json,prealgebra,0.4049608592934213
1570.json,prealgebra,0.363759281671199
1571.json,algebra,0.5745687406606604
1572.json,prealgebra,0.4906536091177057
1573.json,number_theory,0.8566502452484523
1574.json,algebra,0.27872829002010546
1575.json,geometry,0.7057541446816438
1576.json,geometry,0.7067694748340896
1577.json,number_theory,0.48065334890529277
1578.json,prealgebra,0.5803547975949467
1579.json,prealgebra,0.5111311691541076
1580.json,number_theory,0.4008945847405238
1581.json,intermediate_algebra,0.49688613883629734
1582.json,counting_and_probability,0.6952096132086025
1583.json,prealgebra,0.47316490231299985
1584.json,number_theory,0.3253929240913086
1585.json,prealgebra,0.44286142704434295
1586.json,algebra,0.29803996410480293
1587.json,prealgebra,0.6500270187941615
1588.json,algebra,0.491077284412485
1589.json,number_theory,0.4753933208200366
1590.json,counting_and_probability,0.475413859148699
1591.json,prealgebra,0.5542894530479299
1592.json,prealgebra,0.6178528466199145
1593.json,prealgebra,0.49072014475141057
1594.json,algebra,0.38181755231277315
1595.json,algebra,0.25424671739851934
1596.json,algebra,0.35208856286153994
1597.json,prealgebra,0.6049070383749565
1598.json,prealgebra,0.4199012478645723
1599.json,counting_and_probability,0.3144667147577487
1600.json,prealgebra,0.32806378626041977
1601.json,prealgebra,0.47796751592729936
1602.json,algebra,0.7064043991739962
1603.json,algebra,0.8300609593078799
1604.json,algebra,0.38571866035527264
1605.json,prealgebra,0.7375423217121789
1606.json,counting_and_probability,0.8225862300843787
1607.json,algebra,0.5417357573685421
1608.json,geometry,0.5386963647964491
1609.json,prealgebra,0.5918552653010942
1610.json,prealgebra,0.34980080763116245
1611.json,prealgebra,0.7044714314338029
1612.json,number_theory,0.4457290650197593
1613.json,prealgebra,0.723465684638491
1614.json,prealgebra,0.560787631825294
1615.json,prealgebra,0.41305168393989833
1616.json,prealgebra,0.38159096024092104
1617.json,prealgebra,0.7030879557698777
1618.json,intermediate_algebra,0.7372690548780326
1619.json,number_theory,0.7425420468160249
1620.json,prealgebra,0.5140066754194231
1621.json,prealgebra,0.6306397781856945
1622.json,geometry,0.6217334037999188
1623.json,prealgebra,0.672576839294115
1624.json,prealgebra,0.6419538283678112
1625.json,algebra,0.5116287322754869
1626.json,prealgebra,0.6238727169369991
1627.json,algebra,0.4321549286815023
1628.json,prealgebra,0.819813441708373
1629.json,prealgebra,0.40165584645081526
1630.json,prealgebra,0.3554910502527615
1631.json,prealgebra,0.4869721880778647
1632.json,prealgebra,0.5943502941973212
1633.json,algebra,0.666471837684735
1634.json,intermediate_algebra,0.3757379822071164
1635.json,prealgebra,0.7649567934326752
1636.json,geometry,0.39465281669030366
1637.json,prealgebra,0.4543028896340263
1638.json,prealgebra,0.5001065008382786
1639.json,geometry,0.6630226594140489
1640.json,intermediate_algebra,0.3197044742500749
1641.json,counting_and_probability,0.6563240230833302
1642.json,prealgebra,0.5702184519799467
1643.json,algebra,0.7291579795172066
1644.json,prealgebra,0.38128090449646135
1645.json,geometry,0.48088680585070276
1646.json,counting_and_probability,0.3752463606581763
1647.json,intermediate_algebra,0.38433903651557655
1648.json,prealgebra,0.316322315856732
1649.json,counting_and_probability,0.47046678582738405
1650.json,number_theory,0.4058860477520663
1651.json,prealgebra,0.38548099467268376
1652.json,prealgebra,0.6326469364517099
1653.json,counting_and_probability,0.8189418308952218
1654.json,number_theory,0.7724611163580802
1655.json,intermediate_algebra,0.3419002905508868
1656.json,prealgebra,0.4679264207685834
1657.json,counting_and_probability,0.34940027989690653
1658.json,prealgebra,0.6664745308348148
1659.json,prealgebra,0.365019488001481
1660.json,prealgebra,0.5733541014599891
1661.json,algebra,0.5910829366425755
1662.json,prealgebra,0.76815960507459
1663.json,prealgebra,0.49551494680878855
1664.json,prealgebra,0.7772352784060237
1665.json,prealgebra,0.607149035785881
1666.json,algebra,0.4189114927159391
1667.json,prealgebra,0.4643044530228047
1668.json,algebra,0.36805748563887364
1669.json,algebra,0.5959425379253707
1670.json,prealgebra,0.6216170585248036
1671.json,algebra,0.35683438577952914
1672.json,prealgebra,0.5039954897418465
1673.json,prealgebra,0.6291353192829583
1674.json,prealgebra,0.44644873518078054
1675.json,prealgebra,0.7217975278583454
1676.json,algebra,0.48677168778086244
1677.json,geometry,0.7596771172860046
1678.json,prealgebra,0.5412811082469635
1679.json,prealgebra,0.4571174110195334
1680.json,geometry,0.3887711232659634
1681.json,geometry,0.7183425095593536
1682.json,number_theory,0.30886616274989886
1683.json,algebra,0.6402221423563881
1684.json,prealgebra,0.5867220196845195
1685.json,prealgebra,0.6455887556883532
1686.json,prealgebra,0.5788977802523555
1687.json,prealgebra,0.3984891527536475
1688.json,prealgebra,0.4952034748393394
1689.json,algebra,0.2666982284323792
1690.json,number_theory,0.5720224463099542
1691.json,algebra,0.5279801252745371
1692.json,number_theory,0.5844563480894239
1693.json,algebra,0.602398432191236
1694.json,counting_and_probability,0.5835831661324437
1695.json,prealgebra,0.6050084540390954
1696.json,prealgebra,0.5473838290713654
1697.json,prealgebra,0.47586085656289523
1698.json,geometry,0.4317641545135795
1699.json,prealgebra,0.5295434586633746
1700.json,prealgebra,0.7454207499636419
1701.json,prealgebra,0.46146041161362206
1702.json,algebra,0.8513859181522158
1703.json,prealgebra,0.7132318584273812
1704.json,algebra,0.5885119050164629
1705.json,geometry,0.8320235896210983
1706.json,prealgebra,0.46559312555658233
1707.json,prealgebra,0.4880128234244498
1708.json,algebra,0.5097026508285998
1709.json,prealgebra,0.5353819057637389
1710.json,algebra,0.5977762000892873
1711.json,prealgebra,0.7308168098698763
1712.json,number_theory,0.44574829021582324
1713.json,number_theory,0.5363759698260049
1714.json,number_theory,0.7146216767363128
1715.json,prealgebra,0.561053151617013
1716.json,algebra,0.3467449721353339
1717.json,prealgebra,0.5424408404869568
1718.json,algebra,0.428714577883481
1719.json,prealgebra,0.5097761936704784
1720.json,number_theory,0.4444146980344691
1721.json,prealgebra,0.49092541025474934
1722.json,algebra,0.8441601586939556
1723.json,prealgebra,0.5365203254767063
1724.json,prealgebra,0.7495286863723154
1725.json,prealgebra,0.46834282468461824
1726.json,number_theory,0.403355678124527
1727.json,prealgebra,0.5027082670965595
1728.json,prealgebra,0.490355029665607
1729.json,prealgebra,0.6248151947918597
1730.json,algebra,0.2653058817965642
1731.json,algebra,0.4691236066743604
1732.json,prealgebra,0.34392297711005615
1733.json,counting_and_probability,0.8368995041227508
1734.json,counting_and_probability,0.8825023791353422
1735.json,prealgebra,0.6766698340875201
1736.json,geometry,0.531563107746373
1737.json,number_theory,0.46977498988414823
1738.json,algebra,0.5245315027898451
1739.json,prealgebra,0.4469649987259468
1740.json,number_theory,0.5215855082873313
1741.json,prealgebra,0.5248760956636701
1742.json,counting_and_probability,0.4563266734838008
1743.json,geometry,0.7123164618339692
1744.json,geometry,0.44543601834202695
1745.json,number_theory,0.4117378271761027
1746.json,algebra,0.572251911678076
1747.json,prealgebra,0.7899364261667411
1748.json,prealgebra,0.4771046574498457
1749.json,prealgebra,0.5977179445305094
1750.json,prealgebra,0.5587402939480611
1751.json,number_theory,0.6957576518853107
1752.json,prealgebra,0.5983415630874226
1753.json,counting_and_probability,0.4003501990073231
1754.json,counting_and_probability,0.5333195114210201
1755.json,algebra,0.42044902831578457
1756.json,prealgebra,0.5246303319548766
1757.json,prealgebra,0.5464692356000459
1758.json,geometry,0.8717802642775992
1759.json,prealgebra,0.543981870099191
1760.json,prealgebra,0.643533925485717
1761.json,algebra,0.43782036156443244
1762.json,prealgebra,0.44342845532609465
1763.json,prealgebra,0.6167019498112201
1764.json,algebra,0.4701838230660853
1765.json,counting_and_probability,0.5498191854696437
1766.json,prealgebra,0.35853855407258656
1767.json,counting_and_probability,0.4126066136026629
1768.json,number_theory,0.6474996500341257
1769.json,prealgebra,0.5326658237339054
1770.json,prealgebra,0.7288286458846718
1771.json,prealgebra,0.44606024926119014
1772.json,number_theory,0.2846097595838441
1773.json,prealgebra,0.3292104016048713
1774.json,prealgebra,0.724526703790791
1775.json,counting_and_probability,0.6826659833098976
1776.json,number_theory,0.6042483297677761
1777.json,counting_and_probability,0.791790010365075
1778.json,prealgebra,0.4036818651307722
1779.json,geometry,0.61805485577919
1780.json,prealgebra,0.4381324147306152
1781.json,algebra,0.8056252392016567
1782.json,intermediate_algebra,0.4357688125301195
1783.json,number_theory,0.4224189339661789
1784.json,algebra,0.8293177553197371
1785.json,prealgebra,0.47226378883079256
1786.json,counting_and_probability,0.721520289687634
1787.json,prealgebra,0.374716779123978
1788.json,prealgebra,0.7429957580293906
1789.json,geometry,0.6476756124544852
1790.json,counting_and_probability,0.7370674147010963
1791.json,prealgebra,0.47780171866434623
1792.json,algebra,0.526187298351899
1793.json,prealgebra,0.6039042812587925
1794.json,prealgebra,0.40699411106104166
1795.json,prealgebra,0.2854148048981402
1796.json,number_theory,0.49458484520357143
1797.json,prealgebra,0.43410904624835767
1798.json,prealgebra,0.34432769155136983
1799.json,prealgebra,0.7651739559931102
1800.json,precalculus,0.7427783143713734
1801.json,precalculus,0.9659550870477329
1802.json,precalculus,0.9545434847727956
1803.json,precalculus,0.49486350425185777
1804.json,intermediate_algebra,0.5500105162936199
1805.json,precalculus,0.9656763923944524
1806.json,precalculus,0.7809408532989461
1807.json,geometry,0.5724974383943243
1808.json,geometry,0.4234263736263371
1809.json,algebra,0.2919014495290807
1810.json,precalculus,0.7656213942205964
1811.json,precalculus,0.9630529466936788
1812.json,precalculus,0.3115601453589074
1813.json,precalculus,0.9362863547012447
1814.json,precalculus,0.9304063338542271
1815.json,precalculus,0.9629259813416914
1816.json,intermediate_algebra,0.6740979256824595
1817.json,intermediate_algebra,0.3841210795855374
1818.json,geometry,0.4979048443492424
1819.json,algebra,0.3379371495350901
1820.json,precalculus,0.9487398009153425
1821.json,precalculus,0.8587662620903079
1822.json,intermediate_algebra,0.7660044705775568
1823.json,precalculus,0.7689475716996202
1824.json,precalculus,0.6680028521590402
1825.json,precalculus,0.9794630527041098
1826.json,intermediate_algebra,0.7556344852960395
1827.json,precalculus,0.7116137497570163
1828.json,precalculus,0.37267612233045533
1829.json,geometry,0.2621505316356195
1830.json,precalculus,0.7516683081134496
1831.json,intermediate_algebra,0.5124794199109098
1832.json,algebra,0.2964185765728836
1833.json,precalculus,0.8349459026962248
1834.json,precalculus,0.8942980798111788
1835.json,intermediate_algebra,0.644466383769463
1836.json,precalculus,0.6369189736675543
1837.json,precalculus,0.8092386586531088
1838.json,intermediate_algebra,0.4025114134824001
1839.json,prealgebra,0.34401877100165407
1840.json,geometry,0.4388788664432538
1841.json,precalculus,0.2706079694843866
1842.json,precalculus,0.7047368092423503
1843.json,precalculus,0.868231028388996
1844.json,precalculus,0.815431375714806
1845.json,precalculus,0.7842604551186525
1846.json,precalculus,0.6943968564993576
1847.json,precalculus,0.6044682469071209
1848.json,precalculus,0.9862910609357968
1849.json,algebra,0.3814143381083507
1850.json,precalculus,0.42364302054925285
1851.json,geometry,0.5908528058617397
1852.json,precalculus,0.9809356196114942
1853.json,precalculus,0.5306066007286007
1854.json,geometry,0.4007844438612583
1855.json,algebra,0.3287632495390676
1856.json,precalculus,0.8916553173746647
1857.json,precalculus,0.6231516036369306
1858.json,precalculus,0.9652599788809756
1859.json,precalculus,0.8326040047892905
1860.json,precalculus,0.9280835450713069
1861.json,precalculus,0.9408279820453859
1862.json,precalculus,0.5368222495426292
1863.json,precalculus,0.7600452651562986
1864.json,precalculus,0.9691689400997129
1865.json,intermediate_algebra,0.7505181052164303
1866.json,precalculus,0.9570309993199579
1867.json,precalculus,0.9619553961056226
1868.json,geometry,0.6523573618119538
1869.json,precalculus,0.9619197791708781
1870.json,precalculus,0.8636088779220747
1871.json,precalculus,0.3922643517690741
1872.json,precalculus,0.6991561369604142
1873.json,precalculus,0.3971633496204556
1874.json,geometry,0.5097525414330163
1875.json,precalculus,0.8413572134662008
1876.json,precalculus,0.9402792309867344
1877.json,precalculus,0.8655175622707509
1878.json,precalculus,0.9790006360471462
1879.json,precalculus,0.9835426642985236
1880.json,precalculus,0.7416119728890661
1881.json,precalculus,0.9688003295785647
1882.json,geometry,0.5722506576635084
1883.json,geometry,0.7611476811621899
1884.json,precalculus,0.9420994847465822
1885.json,precalculus,0.9457040893286464
1886.json,precalculus,0.22415194353999282
1887.json,precalculus,0.7751039614958157
1888.json,precalculus,0.6665692989319941
1889.json,intermediate_algebra,0.5169303213962012
1890.json,precalculus,0.9865766536773559
1891.json,precalculus,0.8999691337267511
1892.json,algebra,0.3600429055690426
1893.json,precalculus,0.9301544104124995
1894.json,intermediate_algebra,0.697215601783298
1895.json,precalculus,0.9445889187487402
1896.json,precalculus,0.8221190219845693
1897.json,geometry,0.5364894616975513
1898.json,intermediate_algebra,0.49215103079358724
1899.json,precalculus,0.9548288971530877
1900.json,precalculus,0.81345379454095
1901.json,precalculus,0.9890420794176245
1902.json,precalculus,0.684111352406313
1903.json,precalculus,0.44483443525185484
1904.json,algebra,0.443541561803147
1905.json,precalculus,0.9306290261302486
1906.json,precalculus,0.9595021494719591
1907.json,precalculus,0.751546379738035
1908.json,precalculus,0.7907800448145036
1909.json,precalculus,0.4705287499759496
1910.json,precalculus,0.9166841735418257
1911.json,precalculus,0.7536592766775392
1912.json,precalculus,0.8931767919005152
1913.json,intermediate_algebra,0.36648824729660784
1914.json,precalculus,0.4952775456896019
1915.json,precalculus,0.5259509877530166
1916.json,precalculus,0.7005921132437057
1917.json,intermediate_algebra,0.6686545740952873
1918.json,precalculus,0.5860154528661807
1919.json,geometry,0.4049670297220642
1920.json,precalculus,0.8477224935077374
1921.json,precalculus,0.6708148968963362
1922.json,precalculus,0.8165512443365835
1923.json,algebra,0.25581156918463455
1924.json,precalculus,0.9367476530140835
1925.json,geometry,0.7519270028425461
1926.json,precalculus,0.938237852090724
1927.json,precalculus,0.9693696974991243
1928.json,precalculus,0.9566561764424426
1929.json,precalculus,0.9818311082025899
1930.json,precalculus,0.9553620222611826
1931.json,intermediate_algebra,0.3066767388159822
1932.json,precalculus,0.7998081743789726
1933.json,precalculus,0.9276338477813085
1934.json,geometry,0.6141115635343107
1935.json,precalculus,0.9272425850874948
1936.json,precalculus,0.9762407861701853
1937.json,intermediate_algebra,0.7665509728573277
1938.json,precalculus,0.48428016246365146
1939.json,precalculus,0.9498780813344044
1940.json,geometry,0.47467300189374306
1941.json,precalculus,0.5619705204561636
1942.json,precalculus,0.8031486270503577
1943.json,precalculus,0.7910339602460572
1944.json,precalculus,0.877302020619609
1945.json,precalculus,0.57249466268693
1946.json,precalculus,0.9509227878933785
1947.json,precalculus,0.9624137391616313
1948.json,precalculus,0.9399118906784759
1949.json,algebra,0.33214954666254565
1950.json,precalculus,0.9641864072982864
1951.json,geometry,0.5202111264783315
1952.json,precalculus,0.7902551140873557
1953.json,precalculus,0.7657033395759302
1954.json,precalculus,0.9497310230504287
1955.json,precalculus,0.6492577764722364
1956.json,counting_and_probability,0.28856653027946894
1957.json,precalculus,0.878835854019795
1958.json,precalculus,0.602027350377592
1959.json,precalculus,0.8171610982627163
1960.json,geometry,0.4253784483360276
1961.json,precalculus,0.949464830409627
1962.json,intermediate_algebra,0.5224405913553292
1963.json,precalculus,0.5406776947886471
1964.json,precalculus,0.7907800448145036
1965.json,intermediate_algebra,0.4888781569371088
1966.json,precalculus,0.8779615741093104
1967.json,precalculus,0.6700938945840857
1968.json,precalculus,0.9159128229928187
1969.json,precalculus,0.8523587618166478
1970.json,precalculus,0.8512163198746503
1971.json,precalculus,0.9412401950961649
1972.json,precalculus,0.9839946600267562
1973.json,precalculus,0.8990963262865004
1974.json,precalculus,0.7977105980889372
1975.json,geometry,0.6794497057139625
1976.json,geometry,0.6799856840729176
1977.json,geometry,0.5782847358147666
1978.json,intermediate_algebra,0.3046836141975933
1979.json,geometry,0.3169657624943117
1980.json,precalculus,0.962971074139429
1981.json,precalculus,0.5384971858280829
1982.json,precalculus,0.6803295210646351
1983.json,precalculus,0.7316858176047644
1984.json,precalculus,0.5267720343783009
1985.json,prealgebra,0.3660160056397948
1986.json,algebra,0.286562235823383
1987.json,geometry,0.49998866804045516
1988.json,precalculus,0.877302020619609
1989.json,intermediate_algebra,0.3027185954581396
1990.json,precalculus,0.6498545464165765
1991.json,precalculus,0.6604520626825053
1992.json,precalculus,0.9342278013365485
1993.json,precalculus,0.8773126619024741
1994.json,precalculus,0.5942096750455405
1995.json,intermediate_algebra,0.9106353746432377
1996.json,precalculus,0.8462040108236745
1997.json,intermediate_algebra,0.38773672705535017
1998.json,precalculus,0.44132735843993726
1999.json,geometry,0.48596271923868445
2000.json,algebra,0.3858529149075913
2001.json,precalculus,0.5847500950150822
2002.json,precalculus,0.9229265943989311
2003.json,precalculus,0.3315463102979963
2004.json,intermediate_algebra,0.612585580774581
2005.json,precalculus,0.4733226247634438
2006.json,precalculus,0.716342297251133
2007.json,precalculus,0.767352841585443
2008.json,precalculus,0.7801121554382972
2009.json,precalculus,0.9287200508699127
2010.json,precalculus,0.8937710228474496
2011.json,precalculus,0.591522653709943
2012.json,precalculus,0.9726697435650964
2013.json,geometry,0.6497902098843147
2014.json,precalculus,0.9672614147606624
2015.json,precalculus,0.8599708613925962
2016.json,precalculus,0.5850737563579947
2017.json,geometry,0.3628442183143863
2018.json,intermediate_algebra,0.39534242418026394
2019.json,precalculus,0.908245010282563
2020.json,precalculus,0.8292526636280659
2021.json,precalculus,0.7046097128601784
2022.json,geometry,0.4459849752577815
2023.json,precalculus,0.3648135719429761
2024.json,precalculus,0.5702747931881693
2025.json,precalculus,0.9544235011273489
2026.json,precalculus,0.8899488294134297
2027.json,precalculus,0.34228194414340857
2028.json,precalculus,0.9230008145336237
2029.json,precalculus,0.8722454107939374
2030.json,precalculus,0.651563428270166
2031.json,precalculus,0.6566452483938581
2032.json,precalculus,0.3646804316747337
2033.json,precalculus,0.9630815206925583
2034.json,precalculus,0.7238181869191375
2035.json,geometry,0.4682554853984931
2036.json,precalculus,0.5786745222330032
2037.json,precalculus,0.9316545370630767
2038.json,precalculus,0.9844511930342358
2039.json,precalculus,0.8651307067139244
2040.json,geometry,0.5052047339038149
2041.json,geometry,0.41791811887505287
2042.json,precalculus,0.9844511930342358
2043.json,intermediate_algebra,0.5417157328105658
2044.json,precalculus,0.9603495225576906
2045.json,algebra,0.3538803947431524
2046.json,geometry,0.35520222644317834
2047.json,intermediate_algebra,0.5363373696208825
2048.json,precalculus,0.48935147085206143
2049.json,precalculus,0.9351848021787172
2050.json,algebra,0.3072046588534
2051.json,precalculus,0.9693391240315592
2052.json,precalculus,0.9279960618766865
2053.json,precalculus,0.9768704314385078
2054.json,precalculus,0.6608094641648672
2055.json,precalculus,0.8589968377612037
2056.json,precalculus,0.9743797255171247
2057.json,precalculus,0.9577332080588444
2058.json,precalculus,0.712456315857075
2059.json,precalculus,0.8633574394342552
2060.json,precalculus,0.9014157481754347
2061.json,intermediate_algebra,0.500399886315408
2062.json,intermediate_algebra,0.606096956968349
2063.json,precalculus,0.6484773966809199
2064.json,precalculus,0.9338353670700026
2065.json,intermediate_algebra,0.906492249147734
2066.json,algebra,0.4444894849833398
2067.json,precalculus,0.9080121974589596
2068.json,precalculus,0.958041093960851
2069.json,precalculus,0.9627238455988947
2070.json,precalculus,0.9439174394149039
2071.json,precalculus,0.9880566551008043
2072.json,precalculus,0.9712365486199459
2073.json,precalculus,0.8743742859100697
2074.json,precalculus,0.49454135224978585
2075.json,algebra,0.39225361403579484
2076.json,precalculus,0.3479499137516366
2077.json,precalculus,0.4435795100483462
2078.json,precalculus,0.4731524085539452
2079.json,precalculus,0.7702853112938849
2080.json,intermediate_algebra,0.6885324354197353
2081.json,precalculus,0.8638561195865886
2082.json,precalculus,0.5935999191451315
2083.json,precalculus,0.9562698290891284
2084.json,geometry,0.5665298359764951
2085.json,precalculus,0.5317413768406477
2086.json,precalculus,0.5384971858280829
2087.json,precalculus,0.5575646056539216
2088.json,precalculus,0.9245311044692168
2089.json,precalculus,0.6084748105642571
2090.json,precalculus,0.7409834746602341
2091.json,precalculus,0.8421825366021632
2092.json,precalculus,0.8428040115663753
2093.json,precalculus,0.5843452486206662
2094.json,precalculus,0.9044032813673457
2095.json,precalculus,0.4287212456408954
2096.json,precalculus,0.9787115665198725
2097.json,precalculus,0.8796753074168223
2098.json,precalculus,0.9303420327295093
2099.json,precalculus,0.8302974583979644
